fid,id,left,top,right,bottom,row_index,col_index,area_km2,fid_count,area_m2_sum,density,area_m2_mean,area_m2_max,area_m2_stddev,UMAP1,UMAP2,Cluster
1,216,730540.6993,2580188.0052,731540.6993,2579188.0052,5,7,0.023,,,0.0,,,,-16.9271,-0.4113188,1
2,217,730540.6993,2579188.0052,731540.6993,2578188.0052,6,7,0.261,,,0.0,,,,-16.494602,-0.14688915,1
3,218,730540.6993,2578188.0052,731540.6993,2577188.0052,7,7,0.001,,,0.0,,,,-16.834944,0.5035349,1
4,222,730540.6993,2574188.0052,731540.6993,2573188.0052,11,7,0.003,,,0.0,,,,-17.265285,0.29770374,1
5,246,731540.6993,2580188.0052,732540.6993,2579188.0052,5,8,0.016,,,0.0,,,,-17.10811,-0.39071712,1
6,247,731540.6993,2579188.0052,732540.6993,2578188.0052,6,8,0.995,16.0,4990.025,0.005,311.876563,749.478,201.696399,5.940446,10.047937,0
7,248,731540.6993,2578188.0052,732540.6993,2577188.0052,7,8,0.722,89.0,42867.983,0.059,481.66273,4371.658,667.172978,8.050399,7.0902214,5
8,249,731540.6993,2577188.0052,732540.6993,2576188.0052,8,8,0.279,12.0,3467.952,0.012,288.996,1233.047,354.230563,6.1859283,9.76051,0
9,250,731540.6993,2576188.0052,732540.6993,2575188.0052,9,8,0.56,42.0,7267.63,0.013,173.03881,1560.468,245.343182,6.556701,11.082406,0
10,251,731540.6993,2575188.0052,732540.6993,2574188.0052,10,8,0.915,92.0,13903.14,0.015,151.121087,2335.557,296.868552,7.023908,10.855852,0
11,252,731540.6993,2574188.0052,732540.6993,2573188.0052,11,8,0.894,36.0,4820.603,0.005,133.905639,736.411,151.634061,6.5912175,12.791288,4
12,253,731540.6993,2573188.0052,732540.6993,2572188.0052,12,8,0.439,13.0,1345.491,0.003,103.499308,378.15,97.727336,6.6257024,14.362564,4
13,277,732540.6993,2579188.0052,733540.6993,2578188.0052,6,9,0.911,35.0,5192.321,0.006,148.352029,535.779,116.350905,6.251868,12.955909,4
14,278,732540.6993,2578188.0052,733540.6993,2577188.0052,7,9,0.999,52.0,21907.478,0.022,421.297654,4803.746,907.548527,8.043247,6.839319,5
15,279,732540.6993,2577188.0052,733540.6993,2576188.0052,8,9,0.999,154.0,48019.137,0.048,311.812578,5081.217,716.02827,8.983452,7.516762,5
16,280,732540.6993,2576188.0052,733540.6993,2575188.0052,9,9,0.999,204.0,20582.844,0.021,100.896294,585.618,85.513792,8.228263,12.681851,4
17,281,732540.6993,2575188.0052,733540.6993,2574188.0052,10,9,0.999,21.0,2217.863,0.002,105.612524,247.057,54.120023,6.2422895,14.160743,4
18,282,732540.6993,2574188.0052,733540.6993,2573188.0052,11,9,0.999,241.0,41664.48,0.042,172.88166,1962.089,246.323562,9.3317375,11.181127,3
19,283,732540.6993,2573188.0052,733540.6993,2572188.0052,12,9,0.775,,,0.0,,,,-16.680763,0.10660321,1
20,307,733540.6993,2579188.0052,734540.6993,2578188.0052,6,10,0.511,17.0,8482.439,0.017,498.967,1817.839,575.697398,7.618065,7.1788254,5
21,308,733540.6993,2578188.0052,734540.6993,2577188.0052,7,10,0.953,83.0,14458.469,0.015,174.198422,1538.206,278.25543,6.7030826,10.941894,0
22,309,733540.6993,2577188.0052,734540.6993,2576188.0052,8,10,0.999,30.0,3133.832,0.003,104.461067,626.37,141.079522,6.764695,14.237003,4
23,310,733540.6993,2576188.0052,734540.6993,2575188.0052,9,10,0.999,273.0,37234.448,0.037,136.389919,1649.655,161.523022,9.172331,11.6154995,3
24,311,733540.6993,2575188.0052,734540.6993,2574188.0052,10,10,0.999,159.0,19582.591,0.02,123.16095,962.455,142.457888,7.920387,12.597431,4
25,312,733540.6993,2574188.0052,734540.6993,2573188.0052,11,10,0.999,32.0,5860.607,0.006,183.143969,727.021,166.159319,6.230234,12.354309,4
26,313,733540.6993,2573188.0052,734540.6993,2572188.0052,12,10,0.653,,,0.0,,,,-17.003834,0.024779467,1
27,337,734540.6993,2579188.0052,735540.6993,2578188.0052,6,11,0.298,28.0,10187.396,0.034,363.835571,2463.035,478.212449,7.071147,8.197747,0
28,338,734540.6993,2578188.0052,735540.6993,2577188.0052,7,11,0.787,54.0,12124.112,0.015,224.520593,1215.572,241.64691,6.1866674,10.530027,0
29,339,734540.6993,2577188.0052,735540.6993,2576188.0052,8,11,0.999,9.0,1322.945,0.001,146.993889,492.304,140.916643,6.1971684,13.0047655,4
30,340,734540.6993,2576188.0052,735540.6993,2575188.0052,9,11,0.999,9.0,751.158,0.001,83.462,192.86,43.322545,6.545535,15.583956,4
31,341,734540.6993,2575188.0052,735540.6993,2574188.0052,10,11,0.999,103.0,21071.629,0.021,204.578922,2302.006,337.361227,6.9604173,10.338256,0
32,342,734540.6993,2574188.0052,735540.6993,2573188.0052,11,11,0.999,8.0,1464.212,0.001,183.0265,786.273,242.690806,6.213122,11.162717,0
33,343,734540.6993,2573188.0052,735540.6993,2572188.0052,12,11,0.424,,,0.0,,,,-17.32347,0.13028768,1
34,366,735540.6993,2580188.0052,736540.6993,2579188.0052,5,12,0.011,,,0.0,,,,-16.298773,-0.08536553,1
35,367,735540.6993,2579188.0052,736540.6993,2578188.0052,6,12,0.871,58.0,14185.172,0.016,244.571931,1793.207,329.24889,6.3258767,9.94078,0
36,368,735540.6993,2578188.0052,736540.6993,2577188.0052,7,12,0.999,263.0,49613.448,0.05,188.644289,4905.346,364.357722,9.427087,8.456309,5
37,369,735540.6993,2577188.0052,736540.6993,2576188.0052,8,12,0.999,113.0,13584.34,0.014,120.215398,275.777,71.656678,7.5625916,14.001131,4
38,370,735540.6993,2576188.0052,736540.6993,2575188.0052,9,12,0.999,78.0,30857.372,0.031,395.607333,10590.778,1363.315414,9.23807,6.225425,5
39,371,735540.6993,2575188.0052,736540.6993,2574188.0052,10,12,0.999,156.0,52259.552,0.052,334.997128,10590.778,1008.887241,9.499932,6.5157156,5
40,372,735540.6993,2574188.0052,736540.6993,2573188.0052,11,12,0.999,,,0.0,,,,-16.887815,0.5130351,1
41,373,735540.6993,2573188.0052,736540.6993,2572188.0052,12,12,0.166,,,0.0,,,,-17.262077,0.03428997,1
42,374,735540.6993,2572188.0052,736540.6993,2571188.0052,13,12,0.009,,,0.0,,,,-16.722517,-0.37966985,1
43,375,735540.6993,2571188.0052,736540.6993,2570188.0052,14,12,0.037,,,0.0,,,,-16.356104,-0.23618765,1
44,396,736540.6993,2580188.0052,737540.6993,2579188.0052,5,13,0.201,17.0,2224.783,0.011,130.869588,331.321,74.318418,6.30987,13.691271,4
45,397,736540.6993,2579188.0052,737540.6993,2578188.0052,6,13,0.617,76.0,16745.981,0.027,220.341855,2712.473,318.024442,6.89015,10.229345,0
46,398,736540.6993,2578188.0052,737540.6993,2577188.0052,7,13,0.984,274.0,69237.724,0.07,252.692423,4030.205,362.675008,9.437215,8.779518,3
47,399,736540.6993,2577188.0052,737540.6993,2576188.0052,8,13,0.999,310.0,50109.403,0.05,161.643235,1169.059,172.725213,9.527746,11.341783,3
48,400,736540.6993,2576188.0052,737540.6993,2575188.0052,9,13,0.999,326.0,60183.879,0.06,184.613126,1847.39,224.7865,9.692313,10.824881,3
49,401,736540.6993,2575188.0052,737540.6993,2574188.0052,10,13,0.999,156.0,33280.696,0.033,213.337795,1847.39,268.245645,6.7646585,10.418086,0
50,402,736540.6993,2574188.0052,737540.6993,2573188.0052,11,13,0.987,,,0.0,,,,-16.334463,0.12266225,1
51,403,736540.6993,2573188.0052,737540.6993,2572188.0052,12,13,0.552,,,0.0,,,,-16.495398,0.37164003,1
52,404,736540.6993,2572188.0052,737540.6993,2571188.0052,13,13,0.893,116.0,13241.945,0.015,114.154698,534.075,95.211555,7.5598683,13.852759,4
53,405,736540.6993,2571188.0052,737540.6993,2570188.0052,14,13,0.483,66.0,6619.218,0.014,100.291182,534.075,95.859973,7.3294325,14.159041,4
54,425,737540.6993,2581188.0052,738540.6993,2580188.0052,4,14,0.061,4.0,1545.884,0.025,386.471,1256.218,502.638211,7.1044793,8.102891,0
55,426,737540.6993,2580188.0052,738540.6993,2579188.0052,5,14,0.249,36.0,8314.898,0.033,230.969389,1502.561,278.371363,6.3095126,10.21205,0
56,428,737540.6993,2578188.0052,738540.6993,2577188.0052,7,14,0.647,56.0,15591.344,0.024,278.416857,1169.059,262.202934,6.070659,9.7114105,0
57,429,737540.6993,2577188.0052,738540.6993,2576188.0052,8,14,0.999,334.0,90981.493,0.091,272.39968,11576.571,681.921933,10.078854,6.458282,5
58,430,737540.6993,2576188.0052,738540.6993,2575188.0052,9,14,0.999,470.0,95266.143,0.095,202.693921,2372.577,259.745452,10.470371,9.846402,3
59,431,737540.6993,2575188.0052,738540.6993,2574188.0052,10,14,0.999,16.0,2504.407,0.003,156.525438,625.697,141.14403,6.214225,12.7935915,4
60,432,737540.6993,2574188.0052,738540.6993,2573188.0052,11,14,0.999,,,0.0,,,,-16.537891,-0.2740661,1
61,433,737540.6993,2573188.0052,738540.6993,2572188.0052,12,14,0.999,,,0.0,,,,-16.64922,0.21644714,1
62,434,737540.6993,2572188.0052,738540.6993,2571188.0052,13,14,0.999,,,0.0,,,,-16.984383,0.05052218,1
63,435,737540.6993,2571188.0052,738540.6993,2570188.0052,14,14,0.247,,,0.0,,,,-16.905935,0.24855602,1
64,454,738540.6993,2582188.0052,739540.6993,2581188.0052,3,15,0.508,18.0,1546.133,0.003,85.896278,530.988,111.047382,6.7491326,14.648787,4
65,455,738540.6993,2581188.0052,739540.6993,2580188.0052,4,15,0.944,59.0,15235.13,0.016,258.222542,1329.681,343.661727,6.226694,9.807002,0
66,456,738540.6993,2580188.0052,739540.6993,2579188.0052,5,15,0.99,193.0,47487.259,0.048,246.047974,5645.093,520.566147,9.196902,7.87377,5
67,457,738540.6993,2579188.0052,739540.6993,2578188.0052,6,15,0.615,176.0,51119.62,0.083,290.452386,5493.8,635.793236,9.244901,7.7711964,5
68,458,738540.6993,2578188.0052,739540.6993,2577188.0052,7,15,0.97,61.0,6760.669,0.007,110.830639,1819.52,239.892432,6.8425455,11.483949,0
69,459,738540.6993,2577188.0052,739540.6993,2576188.0052,8,15,0.999,356.0,100001.049,0.1,280.901823,11576.571,668.541929,10.051877,6.430279,5
70,460,738540.6993,2576188.0052,739540.6993,2575188.0052,9,15,0.999,1207.0,399124.623,0.4,330.674915,4186.219,403.785781,12.295046,2.8217795,2
71,461,738540.6993,2575188.0052,739540.6993,2574188.0052,10,15,0.999,816.0,278664.192,0.279,341.500235,7208.687,530.170925,11.026193,4.807714,2
72,462,738540.6993,2574188.0052,739540.6993,2573188.0052,11,15,0.999,,,0.0,,,,-16.68781,-0.1313404,1
73,463,738540.6993,2573188.0052,739540.6993,2572188.0052,12,15,0.999,,,0.0,,,,-16.918304,-0.22024246,1
74,464,738540.6993,2572188.0052,739540.6993,2571188.0052,13,15,0.999,1.0,88.347,0.0,88.347,88.347,0.0,6.4796877,15.84761,4
75,465,738540.6993,2571188.0052,739540.6993,2570188.0052,14,15,0.837,121.0,19940.31,0.024,164.79595,2602.79,327.014697,7.201526,10.509181,0
76,466,738540.6993,2570188.0052,739540.6993,2569188.0052,15,15,0.719,50.0,22347.873,0.031,446.95746,3562.309,862.111906,7.887367,6.9115376,5
77,467,738540.6993,2569188.0052,739540.6993,2568188.0052,16,15,0.368,58.0,25257.625,0.069,435.476293,2774.904,605.513019,7.691048,7.5063405,5
78,468,738540.6993,2568188.0052,739540.6993,2567188.0052,17,15,0.398,116.0,21697.097,0.055,187.04394,3274.324,439.076619,7.332953,10.246019,0
79,469,738540.6993,2567188.0052,739540.6993,2566188.0052,18,15,0.619,322.0,44882.639,0.073,139.387078,863.745,117.270181,9.403272,11.462837,3
80,470,738540.6993,2566188.0052,739540.6993,2565188.0052,19,15,0.003,2.0,232.451,0.077,116.2255,126.288,10.0625,7.4406223,13.715228,4
81,483,739540.6993,2583188.0052,740540.6993,2582188.0052,2,16,0.036,12.0,1228.529,0.034,102.377417,344.032,100.716852,7.4165115,13.860747,4
82,484,739540.6993,2582188.0052,740540.6993,2581188.0052,3,16,0.981,22.0,2613.988,0.003,118.817636,241.32,68.820184,6.170681,13.861819,4
83,485,739540.6993,2581188.0052,740540.6993,2580188.0052,4,16,0.999,211.0,31474.378,0.032,149.167668,1401.245,171.455906,9.02975,11.769159,3
84,486,739540.6993,2580188.0052,740540.6993,2579188.0052,5,16,0.999,656.0,116547.55,0.117,177.663948,2869.984,270.871178,10.9698305,9.896982,3
85,487,739540.6993,2579188.0052,740540.6993,2578188.0052,6,16,0.999,1445.0,280138.14,0.28,193.867225,4164.605,289.465368,12.647713,3.744237,2
86,488,739540.6993,2578188.0052,740540.6993,2577188.0052,7,16,0.999,147.0,25434.56,0.025,173.024218,2759.21,297.724305,7.1784053,10.532217,0
87,489,739540.6993,2577188.0052,740540.6993,2576188.0052,8,16,0.999,537.0,113779.373,0.114,211.879652,3279.27,296.945747,10.740381,9.794197,3
88,490,739540.6993,2576188.0052,740540.6993,2575188.0052,9,16,0.999,383.0,105951.702,0.106,276.636298,2712.423,314.637732,10.345717,9.329529,3
89,491,739540.6993,2575188.0052,740540.6993,2574188.0052,10,16,0.999,251.0,81180.424,0.081,323.427984,3107.015,412.242067,9.190026,8.533603,5
90,492,739540.6993,2574188.0052,740540.6993,2573188.0052,11,16,0.999,,,0.0,,,,-16.634314,0.18248187,1
91,493,739540.6993,2573188.0052,740540.6993,2572188.0052,12,16,0.999,,,0.0,,,,-16.799856,0.36741996,1
92,494,739540.6993,2572188.0052,740540.6993,2571188.0052,13,16,0.999,2.0,65.527,0.0,32.7635,37.859,5.0955,6.2221074,16.62607,4
93,495,739540.6993,2571188.0052,740540.6993,2570188.0052,14,16,0.999,108.0,14734.115,0.015,136.426991,1496.934,211.11474,6.934962,11.585954,0
94,496,739540.6993,2570188.0052,740540.6993,2569188.0052,15,16,0.999,164.0,36896.391,0.037,224.977994,3275.214,441.311455,7.391348,10.123085,0
95,497,739540.6993,2569188.0052,740540.6993,2568188.0052,16,16,0.999,29.0,3643.424,0.004,125.63531,413.814,92.334951,6.343835,13.704203,4
96,498,739540.6993,2568188.0052,740540.6993,2567188.0052,17,16,0.999,321.0,56759.027,0.057,176.819399,6347.98,415.824807,9.48929,8.331594,5
97,499,739540.6993,2567188.0052,740540.6993,2566188.0052,18,16,0.999,767.0,119893.173,0.12,156.314437,1146.054,141.742898,11.092765,10.029835,3
98,500,739540.6993,2566188.0052,740540.6993,2565188.0052,19,16,0.208,44.0,4450.439,0.021,101.146341,290.189,59.523685,7.441849,13.968348,4
99,513,740540.6993,2583188.0052,741540.6993,2582188.0052,2,17,0.147,3.0,117.417,0.001,39.139,52.102,13.495149,6.319569,16.479925,4
100,514,740540.6993,2582188.0052,741540.6993,2581188.0052,3,17,0.956,26.0,2103.276,0.002,80.895231,270.587,75.597065,6.6769924,15.102466,4
101,515,740540.6993,2581188.0052,741540.6993,2580188.0052,4,17,0.999,32.0,29284.93,0.029,915.154063,5963.507,1524.361463,8.674165,5.95019,5
102,516,740540.6993,2580188.0052,741540.6993,2579188.0052,5,17,0.999,601.0,169161.797,0.169,281.467216,5963.507,545.432362,11.039413,6.4086065,5
103,517,740540.6993,2579188.0052,741540.6993,2578188.0052,6,17,0.999,330.0,83096.268,0.083,251.806873,4164.605,481.285496,9.670465,8.631818,5
104,518,740540.6993,2578188.0052,741540.6993,2577188.0052,7,17,0.999,250.0,71310.395,0.071,285.24158,3107.998,413.166318,9.270069,8.705428,5
105,519,740540.6993,2577188.0052,741540.6993,2576188.0052,8,17,0.999,591.0,234353.242,0.235,396.536788,3486.837,476.182188,11.706572,6.4375143,5
106,520,740540.6993,2576188.0052,741540.6993,2575188.0052,9,17,0.999,186.0,76571.973,0.077,411.677274,2981.463,517.839966,8.474815,7.8532453,5
107,521,740540.6993,2575188.0052,741540.6993,2574188.0052,10,17,0.999,,,0.0,,,,-17.040033,-0.2498064,1
108,522,740540.6993,2574188.0052,741540.6993,2573188.0052,11,17,0.999,,,0.0,,,,-16.91473,-0.06480653,1
109,523,740540.6993,2573188.0052,741540.6993,2572188.0052,12,17,0.999,,,0.0,,,,-16.567064,0.17321104,1
110,524,740540.6993,2572188.0052,741540.6993,2571188.0052,13,17,0.999,5.0,180.595,0.0,36.119,82.05,23.908717,6.3024964,16.532053,4
111,525,740540.6993,2571188.0052,741540.6993,2570188.0052,14,17,0.999,1.0,44.412,0.0,44.412,44.412,0.0,6.279363,16.43796,4
112,526,740540.6993,2570188.0052,741540.6993,2569188.0052,15,17,0.999,254.0,27726.836,0.028,109.160772,762.042,105.4305,8.987459,11.984531,3
113,527,740540.6993,2569188.0052,741540.6993,2568188.0052,16,17,0.999,104.0,21034.525,0.021,202.255048,2414.785,356.234929,6.9922156,10.203543,0
114,528,740540.6993,2568188.0052,741540.6993,2567188.0052,17,17,0.999,402.0,81955.573,0.082,203.869585,2751.008,271.807333,10.041831,10.009855,3
115,529,740540.6993,2567188.0052,741540.6993,2566188.0052,18,17,0.369,321.0,53616.183,0.145,167.028607,753.349,122.762906,9.626738,11.141731,3
116,530,740540.6993,2566188.0052,741540.6993,2565188.0052,19,17,0.002,1.0,53.783,0.027,53.783,53.783,0.0,6.333095,16.160873,4
117,544,741540.6993,2582188.0052,742540.6993,2581188.0052,3,18,0.056,,,0.0,,,,-16.892916,0.010840528,1
118,545,741540.6993,2581188.0052,742540.6993,2580188.0052,4,18,0.384,28.0,32774.865,0.085,1170.530893,8396.409,2147.802286,8.732189,5.948673,5
119,546,741540.6993,2580188.0052,742540.6993,2579188.0052,5,18,0.84,46.0,45337.145,0.054,985.590109,8396.409,1640.838805,8.792429,5.860299,5
120,547,741540.6993,2579188.0052,742540.6993,2578188.0052,6,18,0.999,308.0,53678.09,0.054,174.279513,1188.35,207.000456,9.645819,11.065847,3
121,548,741540.6993,2578188.0052,742540.6993,2577188.0052,7,18,0.999,241.0,63640.975,0.064,264.070436,4588.88,358.255308,9.375806,8.528603,5
122,549,741540.6993,2577188.0052,742540.6993,2576188.0052,8,18,0.999,199.0,86906.193,0.087,436.714538,2566.113,492.621943,8.513452,7.8563685,5
123,550,741540.6993,2576188.0052,742540.6993,2575188.0052,9,18,0.999,661.0,202058.054,0.202,305.685407,4111.395,386.37234,11.923665,6.6659327,5
124,551,741540.6993,2575188.0052,742540.6993,2574188.0052,10,18,0.999,450.0,83926.057,0.084,186.502349,5015.096,380.950431,9.9754715,9.707808,3
125,552,741540.6993,2574188.0052,742540.6993,2573188.0052,11,18,0.999,468.0,60380.18,0.06,129.017479,1402.265,133.201977,9.932882,11.637373,3
126,553,741540.6993,2573188.0052,742540.6993,2572188.0052,12,18,0.999,3.0,68.63,0.0,22.876667,25.249,3.184011,6.2362733,16.63225,4
127,554,741540.6993,2572188.0052,742540.6993,2571188.0052,13,18,0.999,16.0,1388.351,0.001,86.771938,385.18,88.067206,6.669215,15.003862,4
128,555,741540.6993,2571188.0052,742540.6993,2570188.0052,14,18,0.999,12.0,594.722,0.001,49.560167,155.294,38.955134,6.3781013,16.244875,4
129,556,741540.6993,2570188.0052,742540.6993,2569188.0052,15,18,0.999,37.0,3023.923,0.003,81.727649,359.019,69.514786,6.6842146,15.127942,4
130,557,741540.6993,2569188.0052,742540.6993,2568188.0052,16,18,0.999,682.0,88001.814,0.088,129.034918,1191.934,140.616496,11.017818,10.184568,3
131,558,741540.6993,2568188.0052,742540.6993,2567188.0052,17,18,0.999,414.0,60570.828,0.061,146.306348,1633.409,193.07659,9.754526,11.3824835,3
132,559,741540.6993,2567188.0052,742540.6993,2566188.0052,18,18,0.168,42.0,5220.343,0.031,124.293881,555.61,116.470245,7.3733115,13.7384205,4
133,563,741540.6993,2563188.0052,742540.6993,2562188.0052,22,18,0.059,,,0.0,,,,-16.794046,0.27444142,1
134,564,741540.6993,2562188.0052,742540.6993,2561188.0052,23,18,0.177,,,0.0,,,,-16.431734,0.16208984,1
135,565,741540.6993,2561188.0052,742540.6993,2560188.0052,24,18,0.163,,,0.0,,,,-16.967386,-0.08818966,1
136,575,742540.6993,2581188.0052,743540.6993,2580188.0052,4,19,0.002,,,0.0,,,,-17.040173,0.03382505,1
137,576,742540.6993,2580188.0052,743540.6993,2579188.0052,5,19,0.69,135.0,74323.345,0.108,550.543296,2784.054,531.499067,8.279765,7.2102175,5
138,577,742540.6993,2579188.0052,743540.6993,2578188.0052,6,19,0.999,492.0,123681.342,0.124,251.384841,6022.136,424.299999,10.784575,6.728339,5
139,578,742540.6993,2578188.0052,743540.6993,2577188.0052,7,19,0.999,336.0,68919.246,0.069,205.116804,1742.861,225.211728,9.71498,10.516303,3
140,579,742540.6993,2577188.0052,743540.6993,2576188.0052,8,19,0.999,363.0,156028.772,0.156,429.831328,2599.886,490.990532,10.853727,7.4425316,5
141,580,742540.6993,2576188.0052,743540.6993,2575188.0052,9,19,0.999,1093.0,256652.725,0.257,234.814936,4410.924,295.341668,12.56223,4.133132,2
142,581,742540.6993,2575188.0052,743540.6993,2574188.0052,10,19,0.999,847.0,228026.495,0.228,269.216641,4205.092,323.959661,12.1585865,4.80903,2
143,582,742540.6993,2574188.0052,743540.6993,2573188.0052,11,19,0.999,23.0,4707.528,0.005,204.67513,1402.265,298.684583,6.3120484,10.766929,0
144,583,742540.6993,2573188.0052,743540.6993,2572188.0052,12,19,0.999,11.0,1410.043,0.001,128.185727,342.542,102.387469,6.343016,13.555345,4
145,584,742540.6993,2572188.0052,743540.6993,2571188.0052,13,19,0.999,75.0,19731.488,0.02,263.086507,5005.155,645.626189,9.02296,7.6123066,5
146,585,742540.6993,2571188.0052,743540.6993,2570188.0052,14,19,0.999,124.0,19116.861,0.019,154.168234,5005.155,459.085554,7.446759,10.160927,0
147,586,742540.6993,2570188.0052,743540.6993,2569188.0052,15,19,0.999,496.0,58203.354,0.058,117.345472,1135.166,122.598761,9.958079,11.666201,3
148,587,742540.6993,2569188.0052,743540.6993,2568188.0052,16,19,0.999,78.0,29867.389,0.03,382.915244,2649.586,534.459589,7.3973527,7.901529,0
149,588,742540.6993,2568188.0052,743540.6993,2567188.0052,17,19,0.999,65.0,9944.909,0.01,152.9986,692.671,155.111353,6.5089436,12.429817,4
150,589,742540.6993,2567188.0052,743540.6993,2566188.0052,18,19,0.718,53.0,12338.106,0.017,232.794453,1127.863,250.360054,6.128521,10.404269,0
151,590,742540.6993,2566188.0052,743540.6993,2565188.0052,19,19,0.762,17.0,9004.367,0.012,529.668647,1829.28,623.143703,7.6640773,7.098769,5
152,591,742540.6993,2565188.0052,743540.6993,2564188.0052,20,19,0.423,8.0,872.059,0.002,109.007375,360.345,101.847008,6.5138726,14.121378,4
153,592,742540.6993,2564188.0052,743540.6993,2563188.0052,21,19,0.42,2.0,145.697,0.0,72.8485,89.993,17.1445,6.484287,15.868433,4
154,593,742540.6993,2563188.0052,743540.6993,2562188.0052,22,19,0.996,,,0.0,,,,-16.94703,0.01927609,1
155,594,742540.6993,2562188.0052,743540.6993,2561188.0052,23,19,0.999,25.0,1761.793,0.002,70.47172,156.352,41.943047,6.507744,15.767359,4
156,595,742540.6993,2561188.0052,743540.6993,2560188.0052,24,19,0.972,,,0.0,,,,-16.61242,0.14464986,1
157,596,742540.6993,2560188.0052,743540.6993,2559188.0052,25,19,0.064,,,0.0,,,,-16.640787,-0.22296597,1
158,603,743540.6993,2583188.0052,744540.6993,2582188.0052,2,20,0.004,,,0.0,,,,-16.63632,-0.22933473,1
159,604,743540.6993,2582188.0052,744540.6993,2581188.0052,3,20,0.196,28.0,7464.496,0.038,266.589143,2202.028,555.768261,6.7634754,8.692637,0
160,605,743540.6993,2581188.0052,744540.6993,2580188.0052,4,20,0.413,3.0,408.384,0.001,136.128,171.905,31.237862,6.063789,13.762138,4
161,606,743540.6993,2580188.0052,744540.6993,2579188.0052,5,20,0.999,204.0,56395.986,0.056,276.450912,4315.693,493.690425,9.143752,8.211934,5
162,607,743540.6993,2579188.0052,744540.6993,2578188.0052,6,20,0.999,241.0,80256.89,0.08,333.016141,3221.014,414.300174,9.102791,8.4673,5
163,608,743540.6993,2578188.0052,744540.6993,2577188.0052,7,20,0.999,278.0,65550.838,0.066,235.794381,1667.537,282.768903,9.513299,10.204443,3
164,609,743540.6993,2577188.0052,744540.6993,2576188.0052,8,20,0.999,374.0,78478.85,0.079,209.836497,2006.289,232.068126,9.868117,10.237214,3
165,610,743540.6993,2576188.0052,744540.6993,2575188.0052,9,20,0.999,1284.0,340384.698,0.341,265.097117,4779.416,374.029952,12.494614,3.3385868,2
166,611,743540.6993,2575188.0052,744540.6993,2574188.0052,10,20,0.999,1156.0,273316.183,0.274,236.432684,4526.58,333.095156,12.606698,3.8395655,2
167,612,743540.6993,2574188.0052,744540.6993,2573188.0052,11,20,0.999,7.0,1625.241,0.002,232.177286,1109.329,361.314078,6.2102137,10.003,0
168,613,743540.6993,2573188.0052,744540.6993,2572188.0052,12,20,0.999,194.0,49026.776,0.049,252.71534,2166.65,336.886084,9.107482,9.997632,3
169,614,743540.6993,2572188.0052,744540.6993,2571188.0052,13,20,0.999,434.0,124562.359,0.125,287.010044,6732.716,536.74953,10.597069,6.7796993,5
170,615,743540.6993,2571188.0052,744540.6993,2570188.0052,14,20,0.999,555.0,120747.798,0.121,217.5636,3570.935,310.099647,10.751332,9.776586,3
171,616,743540.6993,2570188.0052,744540.6993,2569188.0052,15,20,0.999,641.0,123238.991,0.123,192.260516,3070.912,294.204109,10.885636,9.829497,3
172,617,743540.6993,2569188.0052,744540.6993,2568188.0052,16,20,0.999,325.0,56785.329,0.057,174.724089,2539.817,263.397422,9.64113,10.710479,3
173,618,743540.6993,2568188.0052,744540.6993,2567188.0052,17,20,0.999,,,0.0,,,,-16.73382,-0.26512045,1
174,619,743540.6993,2567188.0052,744540.6993,2566188.0052,18,20,0.999,35.0,3618.719,0.004,103.391971,516.198,109.711117,6.883999,14.305985,4
175,620,743540.6993,2566188.0052,744540.6993,2565188.0052,19,20,0.999,43.0,14156.458,0.014,329.219953,1829.28,501.265953,6.949599,8.392992,0
176,621,743540.6993,2565188.0052,744540.6993,2564188.0052,20,20,0.99,32.0,8982.227,0.009,280.694594,1428.888,341.506563,6.174168,9.760969,0
177,622,743540.6993,2564188.0052,744540.6993,2563188.0052,21,20,0.968,,,0.0,,,,-16.636671,0.24322882,1
178,623,743540.6993,2563188.0052,744540.6993,2562188.0052,22,20,0.999,106.0,10522.974,0.011,99.27334,507.854,83.936162,7.572013,14.06687,4
179,624,743540.6993,2562188.0052,744540.6993,2561188.0052,23,20,0.999,5.0,189.796,0.0,37.9592,103.407,33.460249,6.257594,16.477482,4
180,625,743540.6993,2561188.0052,744540.6993,2560188.0052,24,20,0.999,,,0.0,,,,-16.626322,-0.39086056,1
181,626,743540.6993,2560188.0052,744540.6993,2559188.0052,25,20,0.215,,,0.0,,,,-16.505207,0.079020396,1
182,633,744540.6993,2583188.0052,745540.6993,2582188.0052,2,21,0.387,32.0,6708.458,0.017,209.639313,940.118,210.286132,6.1315136,10.720055,0
183,634,744540.6993,2582188.0052,745540.6993,2581188.0052,3,21,0.999,95.0,27324.715,0.027,287.628579,2256.782,516.861853,6.828384,8.646017,0
184,635,744540.6993,2581188.0052,745540.6993,2580188.0052,4,21,0.999,24.0,3112.367,0.003,129.681958,764.698,171.086348,6.680632,12.793958,4
185,636,744540.6993,2580188.0052,745540.6993,2579188.0052,5,21,0.999,883.0,169577.778,0.17,192.047314,4036.448,254.888676,12.494854,5.1576915,2
186,637,744540.6993,2579188.0052,745540.6993,2578188.0052,6,21,0.999,1771.0,385714.432,0.386,217.79471,2712.64,244.793949,12.606418,3.2433455,2
187,638,744540.6993,2578188.0052,745540.6993,2577188.0052,7,21,0.999,1194.0,376244.494,0.377,315.112642,3376.716,395.031463,12.38684,3.0698109,2
188,639,744540.6993,2577188.0052,745540.6993,2576188.0052,8,21,0.999,728.0,258246.402,0.259,354.734069,7122.601,546.229686,11.003547,4.9413333,2
189,640,744540.6993,2576188.0052,745540.6993,2575188.0052,9,21,0.999,1539.0,483071.917,0.484,313.886886,4859.96,453.370896,12.422925,2.9162438,2
190,641,744540.6993,2575188.0052,745540.6993,2574188.0052,10,21,0.999,920.0,442432.338,0.443,480.904715,10744.437,956.243174,11.989608,2.4284148,2
191,642,744540.6993,2574188.0052,745540.6993,2573188.0052,11,21,0.999,373.0,209115.179,0.209,560.630507,10744.437,1175.728626,9.707498,5.4256682,5
192,643,744540.6993,2573188.0052,745540.6993,2572188.0052,12,21,0.999,788.0,193998.436,0.194,246.190909,3581.882,383.716378,12.328639,5.053307,2
193,644,744540.6993,2572188.0052,745540.6993,2571188.0052,13,21,0.999,941.0,261223.743,0.261,277.602277,10671.275,552.09373,10.978365,4.949707,2
194,645,744540.6993,2571188.0052,745540.6993,2570188.0052,14,21,0.999,880.0,202797.242,0.203,230.451411,2749.714,288.74952,12.405805,4.976712,2
195,646,744540.6993,2570188.0052,745540.6993,2569188.0052,15,21,0.999,1021.0,361298.866,0.362,353.867645,6205.306,485.51952,12.089765,3.0080993,2
196,647,744540.6993,2569188.0052,745540.6993,2568188.0052,16,21,0.999,852.0,258893.567,0.259,303.865689,2566.483,359.487345,12.172521,4.483361,2
197,648,744540.6993,2568188.0052,745540.6993,2567188.0052,17,21,0.999,5.0,437.028,0.0,87.4056,226.343,76.290734,6.5961356,15.184813,4
198,649,744540.6993,2567188.0052,745540.6993,2566188.0052,18,21,0.999,18.0,2362.596,0.002,131.255333,445.596,128.62175,6.406495,13.358784,4
199,650,744540.6993,2566188.0052,745540.6993,2565188.0052,19,21,0.999,14.0,2393.7,0.002,170.978571,561.148,177.650873,6.185419,12.469477,4
200,651,744540.6993,2565188.0052,745540.6993,2564188.0052,20,21,0.999,4.0,102.786,0.0,25.6965,32.928,6.270627,6.2580714,16.594849,4
201,652,744540.6993,2564188.0052,745540.6993,2563188.0052,21,21,0.999,48.0,4764.566,0.005,99.261792,506.191,89.01022,7.0297575,14.388987,4
202,653,744540.6993,2563188.0052,745540.6993,2562188.0052,22,21,0.999,116.0,20106.431,0.02,173.331302,4565.162,424.242041,7.3808184,10.293034,0
203,654,744540.6993,2562188.0052,745540.6993,2561188.0052,23,21,0.999,29.0,2790.946,0.003,96.239517,381.717,93.093566,6.8069954,14.527464,4
204,655,744540.6993,2561188.0052,745540.6993,2560188.0052,24,21,0.999,3.0,210.448,0.0,70.149333,78.784,11.772086,6.4660697,15.950539,4
205,656,744540.6993,2560188.0052,745540.6993,2559188.0052,25,21,0.139,,,0.0,,,,-16.639357,0.11199146,1
206,663,745540.6993,2583188.0052,746540.6993,2582188.0052,2,22,0.705,99.0,23901.298,0.034,241.427253,5716.873,660.050801,9.111149,7.6525774,5
207,664,745540.6993,2582188.0052,746540.6993,2581188.0052,3,22,0.999,283.0,75586.504,0.076,267.09012,3079.63,365.580998,9.466376,8.960216,3
208,665,745540.6993,2581188.0052,746540.6993,2580188.0052,4,22,0.999,397.0,83605.55,0.084,210.593325,3079.63,298.876251,10.170224,9.821081,3
209,666,745540.6993,2580188.0052,746540.6993,2579188.0052,5,22,0.999,595.0,175361.455,0.176,294.725134,3350.454,395.440864,12.024234,6.9242344,5
210,667,745540.6993,2579188.0052,746540.6993,2578188.0052,6,22,0.999,1396.0,494513.344,0.495,354.23592,3061.962,390.050651,12.387518,2.889026,2
211,668,745540.6993,2578188.0052,746540.6993,2577188.0052,7,22,0.999,941.0,310283.289,0.311,329.73782,4217.987,452.128105,11.904155,3.3729033,2
212,669,745540.6993,2577188.0052,746540.6993,2576188.0052,8,22,0.999,700.0,304958.891,0.305,435.655559,7122.601,638.171917,10.627239,4.650073,2
213,670,745540.6993,2576188.0052,746540.6993,2575188.0052,9,22,0.999,934.0,479461.23,0.48,513.341788,6378.832,643.126826,11.953391,2.3952205,2
214,671,745540.6993,2575188.0052,746540.6993,2574188.0052,10,22,0.999,710.0,530974.225,0.532,747.851021,11564.124,1350.641571,11.929106,2.5011902,2
215,672,745540.6993,2574188.0052,746540.6993,2573188.0052,11,22,0.999,640.0,497606.058,0.498,777.509466,11984.87,1295.295173,11.860128,2.4326491,2
216,673,745540.6993,2573188.0052,746540.6993,2572188.0052,12,22,0.999,410.0,117111.141,0.117,285.636929,10671.275,654.899565,10.103869,6.371025,5
217,674,745540.6993,2572188.0052,746540.6993,2571188.0052,13,22,0.999,697.0,240146.451,0.24,344.542971,10671.275,740.701073,10.591934,5.2288675,2
218,675,745540.6993,2571188.0052,746540.6993,2570188.0052,14,22,0.999,863.0,204617.074,0.205,237.099738,4288.388,341.185189,12.317935,4.996446,2
219,676,745540.6993,2570188.0052,746540.6993,2569188.0052,15,22,0.999,598.0,230186.309,0.23,384.926938,17428.337,1006.071839,9.930608,5.246042,5
220,677,745540.6993,2569188.0052,746540.6993,2568188.0052,16,22,0.999,63.0,45812.971,0.046,727.190016,4769.532,1286.833137,8.581695,6.089241,5
221,678,745540.6993,2568188.0052,746540.6993,2567188.0052,17,22,0.999,11.0,5160.239,0.005,469.112636,2518.566,788.468466,7.7722898,6.9052596,5
222,679,745540.6993,2567188.0052,746540.6993,2566188.0052,18,22,0.999,81.0,18684.194,0.019,230.669062,1810.117,374.228423,6.544278,9.946655,0
223,680,745540.6993,2566188.0052,746540.6993,2565188.0052,19,22,0.999,181.0,61908.88,0.062,342.038011,3192.226,525.873859,8.685156,8.097678,5
224,681,745540.6993,2565188.0052,746540.6993,2564188.0052,20,22,0.999,327.0,52047.564,0.052,159.166862,1855.287,193.164723,9.537042,11.168448,3
225,682,745540.6993,2564188.0052,746540.6993,2563188.0052,21,22,0.999,105.0,18028.447,0.018,171.699495,3611.344,381.182771,7.31724,10.333542,0
226,683,745540.6993,2563188.0052,746540.6993,2562188.0052,22,22,0.999,108.0,28900.707,0.029,267.599139,4565.162,647.979265,8.975214,7.653551,5
227,684,745540.6993,2562188.0052,746540.6993,2561188.0052,23,22,0.999,50.0,25393.329,0.025,507.86658,2635.382,643.540578,7.739601,7.0441084,5
228,685,745540.6993,2561188.0052,746540.6993,2560188.0052,24,22,0.999,23.0,6927.805,0.007,301.208913,1055.956,301.528609,6.1064777,9.749219,0
229,686,745540.6993,2560188.0052,746540.6993,2559188.0052,25,22,0.432,,,0.0,,,,-16.788013,-0.10850555,1
230,693,746540.6993,2583188.0052,747540.6993,2582188.0052,2,23,0.1,2.0,330.27,0.003,165.135,265.175,100.04,6.0699253,13.1306925,4
231,694,746540.6993,2582188.0052,747540.6993,2581188.0052,3,23,0.457,12.0,922.845,0.002,76.90375,290.997,82.46922,6.618817,15.195325,4
232,695,746540.6993,2581188.0052,747540.6993,2580188.0052,4,23,0.666,137.0,53890.644,0.081,393.362365,4042.151,613.312652,8.327925,7.6735754,5
233,696,746540.6993,2580188.0052,747540.6993,2579188.0052,5,23,0.999,494.0,167010.148,0.167,338.077223,5236.617,525.35561,11.086057,6.7009745,5
234,697,746540.6993,2579188.0052,747540.6993,2578188.0052,6,23,0.999,664.0,178872.316,0.179,269.386018,2735.102,359.273031,12.147181,6.7740297,5
235,698,746540.6993,2578188.0052,747540.6993,2577188.0052,7,23,0.999,1461.0,402673.651,0.403,275.615093,4398.325,351.199323,12.519396,3.1037607,2
236,699,746540.6993,2577188.0052,747540.6993,2576188.0052,8,23,0.999,996.0,335722.926,0.336,337.071211,4539.595,457.980127,11.961724,3.2413702,2
237,700,746540.6993,2576188.0052,747540.6993,2575188.0052,9,23,0.999,899.0,252401.081,0.253,280.757598,7179.275,428.624307,11.275654,4.876498,2
238,701,746540.6993,2575188.0052,747540.6993,2574188.0052,10,23,0.999,1054.0,414024.44,0.414,392.812562,6833.411,535.749844,12.137647,2.7009976,2
239,702,746540.6993,2574188.0052,747540.6993,2573188.0052,11,23,0.999,1016.0,416453.94,0.417,409.89561,6031.393,619.635868,12.0914135,2.641332,2
240,703,746540.6993,2573188.0052,747540.6993,2572188.0052,12,23,0.999,693.0,194728.421,0.195,280.993392,7821.119,483.809635,11.093089,5.688084,5
241,704,746540.6993,2572188.0052,747540.6993,2571188.0052,13,23,0.999,497.0,193069.95,0.193,388.470724,12964.605,1224.994179,9.802548,5.3983717,5
242,705,746540.6993,2571188.0052,747540.6993,2570188.0052,14,23,0.999,1015.0,215191.825,0.215,212.01165,10233.95,445.966851,11.082936,5.1057253,2
243,706,746540.6993,2570188.0052,747540.6993,2569188.0052,15,23,0.999,893.0,214725.625,0.215,240.454227,17428.337,783.129612,10.135009,5.181927,5
244,707,746540.6993,2569188.0052,747540.6993,2568188.0052,16,23,0.999,524.0,192672.96,0.193,367.696489,6199.268,522.05004,11.222257,6.414983,5
245,708,746540.6993,2568188.0052,747540.6993,2567188.0052,17,23,0.999,544.0,201270.254,0.201,369.982085,3431.098,423.945017,11.793739,6.708575,5
246,709,746540.6993,2567188.0052,747540.6993,2566188.0052,18,23,0.999,336.0,198332.285,0.199,590.274658,14277.241,1147.933556,9.683498,5.4980764,5
247,710,746540.6993,2566188.0052,747540.6993,2565188.0052,19,23,0.999,858.0,355445.763,0.356,414.272451,3492.042,455.550805,11.770534,3.35117,2
248,711,746540.6993,2565188.0052,747540.6993,2564188.0052,20,23,0.999,646.0,177718.742,0.178,275.106412,2674.169,322.4801,12.1069145,6.8808146,5
249,712,746540.6993,2564188.0052,747540.6993,2563188.0052,21,23,0.999,1011.0,263463.512,0.264,260.596946,2435.093,302.075367,12.416034,4.235185,2
250,713,746540.6993,2563188.0052,747540.6993,2562188.0052,22,23,0.999,927.0,163528.336,0.164,176.405972,3399.092,235.007612,12.548313,5.133164,2
251,714,746540.6993,2562188.0052,747540.6993,2561188.0052,23,23,0.999,215.0,64374.946,0.064,299.418353,6582.451,579.680424,9.314104,7.7077503,5
252,715,746540.6993,2561188.0052,747540.6993,2560188.0052,24,23,0.999,38.0,11982.819,0.012,315.337342,1989.452,480.291188,6.8229556,8.528927,0
253,716,746540.6993,2560188.0052,747540.6993,2559188.0052,25,23,0.979,,,0.0,,,,-17.099932,0.16795754,1
254,717,746540.6993,2559188.0052,747540.6993,2558188.0052,26,23,0.134,,,0.0,,,,-16.99851,0.014731063,1
255,725,747540.6993,2581188.0052,748540.6993,2580188.0052,4,24,0.302,17.0,2197.592,0.007,129.270118,692.109,153.512399,6.5753193,12.894531,4
256,726,747540.6993,2580188.0052,748540.6993,2579188.0052,5,24,0.999,279.0,119167.355,0.119,427.123136,11264.608,887.695347,9.885345,6.125993,5
257,727,747540.6993,2579188.0052,748540.6993,2578188.0052,6,24,0.999,715.0,233327.607,0.234,326.332317,7701.643,568.675398,11.011795,5.2342653,2
258,728,747540.6993,2578188.0052,748540.6993,2577188.0052,7,24,0.999,737.0,307377.988,0.308,417.066469,9986.267,660.136603,10.5810175,4.7881217,2
259,729,747540.6993,2577188.0052,748540.6993,2576188.0052,8,24,0.999,442.0,209132.374,0.209,473.150167,10484.019,1020.8124,9.837373,5.4070487,5
260,730,747540.6993,2576188.0052,748540.6993,2575188.0052,9,24,0.999,807.0,301108.891,0.301,373.121302,7394.92,632.232678,10.768113,4.6331363,2
261,731,747540.6993,2575188.0052,748540.6993,2574188.0052,10,24,0.999,912.0,502345.391,0.503,550.817315,7765.067,663.735808,11.943117,2.3523064,2
262,732,747540.6993,2574188.0052,748540.6993,2573188.0052,11,24,0.999,1116.0,530345.143,0.531,475.219662,6992.61,651.821602,11.949535,2.3648696,2
263,733,747540.6993,2573188.0052,748540.6993,2572188.0052,12,24,0.999,624.0,213879.148,0.214,342.755045,6298.782,564.491466,11.155839,5.717598,5
264,734,747540.6993,2572188.0052,748540.6993,2571188.0052,13,24,0.999,192.0,139845.919,0.14,728.364161,10819.542,1534.118131,9.146072,5.790139,5
265,735,747540.6993,2571188.0052,748540.6993,2570188.0052,14,24,0.999,867.0,150005.722,0.15,173.01698,2392.485,202.638703,12.542572,5.2139206,2
266,736,747540.6993,2570188.0052,748540.6993,2569188.0052,15,24,0.999,738.0,167829.014,0.168,227.410588,6199.268,413.234704,11.339978,6.180656,5
267,737,747540.6993,2569188.0052,748540.6993,2568188.0052,16,24,0.999,338.0,107831.281,0.108,319.027459,6199.268,548.43818,10.252559,7.258286,5
268,738,747540.6993,2568188.0052,748540.6993,2567188.0052,17,24,0.999,598.0,170932.06,0.171,285.839565,2407.043,325.688944,11.993445,6.983362,5
269,739,747540.6993,2567188.0052,748540.6993,2566188.0052,18,24,0.999,428.0,154957.148,0.155,362.049411,5968.085,486.078644,10.923008,6.887097,5
270,740,747540.6993,2566188.0052,748540.6993,2565188.0052,19,24,0.999,758.0,318539.33,0.319,420.236583,15682.029,696.320717,10.207508,5.0462713,5
271,741,747540.6993,2565188.0052,748540.6993,2564188.0052,20,24,0.999,1009.0,292377.621,0.293,289.769694,2056.972,273.584573,12.452734,4.003579,2
272,742,747540.6993,2564188.0052,748540.6993,2563188.0052,21,24,0.999,1391.0,353263.281,0.354,253.963538,2320.49,284.480228,12.549289,3.2469864,2
273,743,747540.6993,2563188.0052,748540.6993,2562188.0052,22,24,0.999,406.0,113827.306,0.114,280.362823,2157.229,332.854268,10.4524975,9.3849535,3
274,744,747540.6993,2562188.0052,748540.6993,2561188.0052,23,24,0.999,41.0,7510.468,0.008,183.182146,1321.041,282.254702,6.4657016,10.970232,0
275,745,747540.6993,2561188.0052,748540.6993,2560188.0052,24,24,0.999,,,0.0,,,,-16.869598,0.19721039,1
276,746,747540.6993,2560188.0052,748540.6993,2559188.0052,25,24,0.999,,,0.0,,,,-16.890125,-0.40351674,1
277,747,747540.6993,2559188.0052,748540.6993,2558188.0052,26,24,0.916,,,0.0,,,,-16.5051,-0.008095843,1
278,748,747540.6993,2558188.0052,748540.6993,2557188.0052,27,24,0.103,,,0.0,,,,-17.01171,-0.14367235,1
279,754,748540.6993,2582188.0052,749540.6993,2581188.0052,3,25,0.054,,,0.0,,,,-17.14288,0.11669497,1
280,755,748540.6993,2581188.0052,749540.6993,2580188.0052,4,25,0.835,152.0,21641.728,0.026,142.379789,800.328,133.234067,7.849454,12.529502,4
281,756,748540.6993,2580188.0052,749540.6993,2579188.0052,5,25,0.999,309.0,52079.852,0.052,168.54321,1823.819,219.305501,9.5807495,11.02864,3
282,757,748540.6993,2579188.0052,749540.6993,2578188.0052,6,25,0.999,364.0,114703.427,0.115,315.119305,3575.732,446.234671,10.527843,7.9587016,5
283,758,748540.6993,2578188.0052,749540.6993,2577188.0052,7,25,0.999,245.0,73655.463,0.074,300.634543,2938.17,439.856439,9.220463,8.595061,5
284,759,748540.6993,2577188.0052,749540.6993,2576188.0052,8,25,0.999,342.0,77539.145,0.078,226.722646,2938.17,283.76545,9.873639,10.041084,3
285,760,748540.6993,2576188.0052,749540.6993,2575188.0052,9,25,0.999,1031.0,388463.403,0.389,376.783126,4544.365,541.127225,12.141618,2.8727274,2
286,761,748540.6993,2575188.0052,749540.6993,2574188.0052,10,25,0.999,1075.0,501361.79,0.502,466.38306,9699.012,710.843367,12.017734,2.440392,2
287,762,748540.6993,2574188.0052,749540.6993,2573188.0052,11,25,0.999,1085.0,452586.494,0.453,417.130409,7848.96,592.341182,12.057018,2.4746037,2
288,763,748540.6993,2573188.0052,749540.6993,2572188.0052,12,25,0.999,855.0,255531.415,0.256,298.867152,6298.782,568.180209,11.249169,4.8635454,2
289,764,748540.6993,2572188.0052,749540.6993,2571188.0052,13,25,0.999,581.0,293876.071,0.294,505.810793,12426.767,912.485031,10.155275,5.036989,5
290,765,748540.6993,2571188.0052,749540.6993,2570188.0052,14,25,0.999,716.0,233466.35,0.234,326.070321,6582.405,530.556975,11.149426,5.182159,2
291,766,748540.6993,2570188.0052,749540.6993,2569188.0052,15,25,0.999,1227.0,282422.904,0.283,230.173516,2546.299,230.703194,12.644035,3.8504682,2
292,767,748540.6993,2569188.0052,749540.6993,2568188.0052,16,25,0.999,1204.0,309919.36,0.31,257.408106,6379.632,350.065274,12.519749,3.4995925,2
293,768,748540.6993,2568188.0052,749540.6993,2567188.0052,17,25,0.999,1148.0,301403.618,0.302,262.546706,2696.205,272.417701,12.582491,3.8682814,2
294,769,748540.6993,2567188.0052,749540.6993,2566188.0052,18,25,0.999,886.0,323487.836,0.324,365.110424,2789.025,377.024496,11.792613,3.479218,2
295,770,748540.6993,2566188.0052,749540.6993,2565188.0052,19,25,0.999,513.0,222395.064,0.223,433.518643,15682.029,812.414611,9.96751,5.2599597,5
296,771,748540.6993,2565188.0052,749540.6993,2564188.0052,20,25,0.999,368.0,125470.68,0.126,340.952935,3531.183,392.423538,10.672201,7.8438406,5
297,772,748540.6993,2564188.0052,749540.6993,2563188.0052,21,25,0.999,497.0,143159.025,0.143,288.046328,2932.421,397.605016,11.733455,7.213618,5
298,773,748540.6993,2563188.0052,749540.6993,2562188.0052,22,25,0.999,150.0,32239.116,0.032,214.92744,1367.45,273.074171,6.667566,10.37823,0
299,774,748540.6993,2562188.0052,749540.6993,2561188.0052,23,25,0.999,74.0,11603.364,0.012,156.802216,1139.354,188.327848,6.616889,12.111639,4
300,775,748540.6993,2561188.0052,749540.6993,2560188.0052,24,25,0.999,,,0.0,,,,-16.90423,-0.33249772,1
301,776,748540.6993,2560188.0052,749540.6993,2559188.0052,25,25,0.999,,,0.0,,,,-16.47932,-0.0104857385,1
302,777,748540.6993,2559188.0052,749540.6993,2558188.0052,26,25,0.799,,,0.0,,,,-16.767368,0.2897875,1
303,778,748540.6993,2558188.0052,749540.6993,2557188.0052,27,25,0.092,,,0.0,,,,-16.884722,-0.39351103,1
304,784,749540.6993,2582188.0052,750540.6993,2581188.0052,3,26,0.21,7.0,588.068,0.003,84.009714,177.52,45.61966,6.5577736,15.501541,4
305,785,749540.6993,2581188.0052,750540.6993,2580188.0052,4,26,0.994,295.0,25258.269,0.025,85.621251,901.468,92.632439,9.125905,11.905121,3
306,786,749540.6993,2580188.0052,750540.6993,2579188.0052,5,26,0.999,86.0,12860.483,0.013,149.5405,2080.189,250.297021,6.872964,11.234895,0
307,787,749540.6993,2579188.0052,750540.6993,2578188.0052,6,26,0.999,392.0,49512.579,0.05,126.307599,1091.806,134.722349,9.671608,11.662872,3
308,788,749540.6993,2578188.0052,750540.6993,2577188.0052,7,26,0.999,35.0,4424.521,0.004,126.414886,761.406,133.129255,6.604911,12.978335,4
309,789,749540.6993,2577188.0052,750540.6993,2576188.0052,8,26,0.999,334.0,110288.549,0.11,330.205237,3481.278,615.395695,10.316222,7.8258524,5
310,790,749540.6993,2576188.0052,750540.6993,2575188.0052,9,26,0.999,692.0,313932.005,0.314,453.658967,5923.125,737.206901,10.594352,4.550983,2
311,791,749540.6993,2575188.0052,750540.6993,2574188.0052,10,26,0.999,635.0,285491.23,0.286,449.592488,7489.804,727.411033,10.5555935,4.78709,2
312,792,749540.6993,2574188.0052,750540.6993,2573188.0052,11,26,0.999,481.0,162429.714,0.163,337.691713,7489.804,646.945476,10.817928,6.549641,5
313,793,749540.6993,2573188.0052,750540.6993,2572188.0052,12,26,0.999,372.0,68306.26,0.068,183.618978,3292.325,309.389728,9.911455,10.054374,3
314,794,749540.6993,2572188.0052,750540.6993,2571188.0052,13,26,0.999,1213.0,263995.678,0.264,217.638646,2679.261,308.146577,12.612211,3.8830416,2
315,795,749540.6993,2571188.0052,750540.6993,2570188.0052,14,26,0.999,302.0,108329.031,0.108,358.705401,6480.103,741.20801,10.118014,7.2451286,5
316,796,749540.6993,2570188.0052,750540.6993,2569188.0052,15,26,0.999,655.0,158979.501,0.159,242.716795,5981.712,453.989643,11.122329,6.422955,5
317,797,749540.6993,2569188.0052,750540.6993,2568188.0052,16,26,0.999,606.0,210498.236,0.211,347.356825,9185.38,656.4975,10.798359,5.4251404,5
318,798,749540.6993,2568188.0052,750540.6993,2567188.0052,17,26,0.999,613.0,183848.619,0.184,299.916181,3758.744,381.285123,12.011386,6.8393373,5
319,799,749540.6993,2567188.0052,750540.6993,2566188.0052,18,26,0.999,482.0,163633.24,0.164,339.48805,2551.55,371.378371,11.798311,7.0496464,5
320,800,749540.6993,2566188.0052,750540.6993,2565188.0052,19,26,0.999,482.0,179374.15,0.18,372.145539,3075.346,430.3334,11.653486,6.952571,5
321,801,749540.6993,2565188.0052,750540.6993,2564188.0052,20,26,0.999,357.0,146503.537,0.147,410.374053,3747.179,483.206904,10.732809,7.5117636,5
322,802,749540.6993,2564188.0052,750540.6993,2563188.0052,21,26,0.999,356.0,91503.279,0.092,257.031683,3747.179,353.272832,9.947553,9.163616,3
323,803,749540.6993,2563188.0052,750540.6993,2562188.0052,22,26,0.999,108.0,31344.727,0.031,290.228954,1308.825,287.985786,6.257734,9.5826,0
324,804,749540.6993,2562188.0052,750540.6993,2561188.0052,23,26,0.999,64.0,8901.644,0.009,139.088187,925.379,167.159192,6.6612473,12.516589,4
325,805,749540.6993,2561188.0052,750540.6993,2560188.0052,24,26,0.999,,,0.0,,,,-16.752512,-0.2451993,1
326,806,749540.6993,2560188.0052,750540.6993,2559188.0052,25,26,0.999,,,0.0,,,,-16.403637,0.047224216,1
327,807,749540.6993,2559188.0052,750540.6993,2558188.0052,26,26,0.503,,,0.0,,,,-16.496746,0.07010062,1
328,815,750540.6993,2581188.0052,751540.6993,2580188.0052,4,27,0.173,68.0,6145.549,0.036,90.375721,368.983,59.682121,7.5358458,13.856935,4
329,816,750540.6993,2580188.0052,751540.6993,2579188.0052,5,27,0.73,2.0,88.288,0.0,44.144,45.728,1.584,6.297342,16.342627,4
330,817,750540.6993,2579188.0052,751540.6993,2578188.0052,6,27,0.999,13.0,1659.731,0.002,127.671615,351.805,100.304215,6.3779807,13.627708,4
331,818,750540.6993,2578188.0052,751540.6993,2577188.0052,7,27,0.995,23.0,7907.731,0.008,343.814391,2444.458,580.163998,6.988063,8.296029,0
332,819,750540.6993,2577188.0052,751540.6993,2576188.0052,8,27,0.999,260.0,244137.132,0.244,938.988969,4982.111,1092.466049,9.076507,5.869986,5
333,820,750540.6993,2576188.0052,751540.6993,2575188.0052,9,27,0.999,422.0,294363.582,0.295,697.544033,5840.843,965.700587,10.239279,4.814539,2
334,821,750540.6993,2575188.0052,751540.6993,2574188.0052,10,27,0.999,571.0,362305.676,0.363,634.510816,8340.692,1022.469423,10.249395,4.690507,2
335,822,750540.6993,2574188.0052,751540.6993,2573188.0052,11,27,0.999,384.0,209403.027,0.21,545.320383,8340.692,958.96839,9.847692,5.413943,5
336,823,750540.6993,2573188.0052,751540.6993,2572188.0052,12,27,0.999,163.0,115799.831,0.116,710.428411,25282.185,2961.107027,9.3208275,5.457214,5
337,824,750540.6993,2572188.0052,751540.6993,2571188.0052,13,27,0.999,343.0,61004.385,0.061,177.85535,6829.451,419.482593,9.492076,8.35298,5
338,825,750540.6993,2571188.0052,751540.6993,2570188.0052,14,27,0.999,115.0,31529.228,0.032,274.1672,6829.451,693.036096,9.110392,7.5110645,5
339,826,750540.6993,2570188.0052,751540.6993,2569188.0052,15,27,0.999,888.0,218285.435,0.219,245.816931,2433.076,238.868066,12.38488,4.891462,2
340,827,750540.6993,2569188.0052,751540.6993,2568188.0052,16,27,0.999,639.0,260974.23,0.261,408.410376,36758.132,1511.964347,9.637817,5.2860594,5
341,828,750540.6993,2568188.0052,751540.6993,2567188.0052,17,27,0.999,196.0,61307.419,0.061,312.792954,4210.512,496.530903,9.003605,8.185996,5
342,829,750540.6993,2567188.0052,751540.6993,2566188.0052,18,27,0.999,564.0,199594.5,0.2,353.890957,3543.162,436.843094,11.792112,6.651194,5
343,830,750540.6993,2566188.0052,751540.6993,2565188.0052,19,27,0.999,558.0,146895.039,0.147,263.252758,6885.007,529.046842,10.869585,6.5480237,5
344,831,750540.6993,2565188.0052,751540.6993,2564188.0052,20,27,0.999,81.0,14776.364,0.015,182.424247,1519.567,283.130574,6.657282,10.839207,0
345,832,750540.6993,2564188.0052,751540.6993,2563188.0052,21,27,0.999,100.0,40586.396,0.041,405.86396,3747.179,546.677036,7.8607726,7.6924796,5
346,833,750540.6993,2563188.0052,751540.6993,2562188.0052,22,27,0.999,67.0,38514.032,0.039,574.836299,5564.712,843.958017,8.095947,6.6271443,5
347,834,750540.6993,2562188.0052,751540.6993,2561188.0052,23,27,0.999,7.0,921.855,0.001,131.693571,302.496,93.510983,6.2818556,13.597689,4
348,835,750540.6993,2561188.0052,751540.6993,2560188.0052,24,27,0.999,6.0,747.543,0.001,124.5905,176.803,60.587236,6.104465,13.80225,4
349,836,750540.6993,2560188.0052,751540.6993,2559188.0052,25,27,0.999,,,0.0,,,,-17.163681,-0.1104022,1
350,837,750540.6993,2559188.0052,751540.6993,2558188.0052,26,27,0.435,,,0.0,,,,-16.97153,0.039976973,1
351,846,751540.6993,2580188.0052,752540.6993,2579188.0052,5,28,0.025,,,0.0,,,,-16.779608,-0.059914976,1
352,847,751540.6993,2579188.0052,752540.6993,2578188.0052,6,28,0.256,5.0,304.631,0.001,60.9262,89.657,24.684478,6.422573,16.042534,4
353,848,751540.6993,2578188.0052,752540.6993,2577188.0052,7,28,0.702,262.0,50352.664,0.072,192.18574,2783.875,285.016178,9.55779,10.401661,3
354,849,751540.6993,2577188.0052,752540.6993,2576188.0052,8,28,0.999,627.0,199089.823,0.199,317.527628,3051.078,447.123981,11.848625,6.6254473,5
355,850,751540.6993,2576188.0052,752540.6993,2575188.0052,9,28,0.999,883.0,344590.649,0.345,390.249886,3173.666,508.134021,11.808544,3.3627615,2
356,851,751540.6993,2575188.0052,752540.6993,2574188.0052,10,28,0.999,1074.0,444400.458,0.445,413.780687,3844.69,463.390649,12.167813,2.6428993,2
357,852,751540.6993,2574188.0052,752540.6993,2573188.0052,11,28,0.999,672.0,277816.06,0.278,413.416756,6934.76,536.743897,10.783846,4.781834,2
358,853,751540.6993,2573188.0052,752540.6993,2572188.0052,12,28,0.999,285.0,347337.866,0.348,1218.729354,45533.654,4687.070382,9.352437,5.429069,5
359,854,751540.6993,2572188.0052,752540.6993,2571188.0052,13,28,0.999,214.0,99384.263,0.099,464.412444,24079.122,2090.22501,9.413987,5.479946,5
360,855,751540.6993,2571188.0052,752540.6993,2570188.0052,14,28,0.999,384.0,54665.803,0.055,142.358862,1910.037,172.447394,9.659571,11.39024,3
361,856,751540.6993,2570188.0052,752540.6993,2569188.0052,15,28,0.999,827.0,184808.682,0.185,223.468781,2365.801,244.066173,12.45598,5.0859327,2
362,857,751540.6993,2569188.0052,752540.6993,2568188.0052,16,28,0.999,527.0,160829.719,0.161,305.179732,36758.132,1670.084668,9.562738,5.339942,5
363,858,751540.6993,2568188.0052,752540.6993,2567188.0052,17,28,0.999,1226.0,278007.262,0.278,226.759594,3226.984,287.509401,12.607483,3.861752,2
364,859,751540.6993,2567188.0052,752540.6993,2566188.0052,18,28,0.999,810.0,248629.372,0.249,306.949842,2885.941,338.609837,12.116289,4.701148,2
365,860,751540.6993,2566188.0052,752540.6993,2565188.0052,19,28,0.999,453.0,191607.41,0.192,422.974415,3440.326,497.943256,11.35264,7.0010257,5
366,861,751540.6993,2565188.0052,752540.6993,2564188.0052,20,28,0.999,370.0,160929.768,0.161,434.945319,3516.038,544.820967,10.890774,7.3668694,5
367,862,751540.6993,2564188.0052,752540.6993,2563188.0052,21,28,0.999,156.0,56671.862,0.057,363.281167,2381.324,472.216429,8.529034,8.197771,5
368,863,751540.6993,2563188.0052,752540.6993,2562188.0052,22,28,0.999,19.0,7616.893,0.008,400.889105,1364.748,483.35024,7.139328,8.073859,0
369,864,751540.6993,2562188.0052,752540.6993,2561188.0052,23,28,0.999,30.0,3752.497,0.004,125.083233,501.915,116.078603,6.4549513,13.427022,4
370,865,751540.6993,2561188.0052,752540.6993,2560188.0052,24,28,0.999,10.0,1578.414,0.002,157.8414,352.345,104.334871,6.132776,13.053895,4
371,866,751540.6993,2560188.0052,752540.6993,2559188.0052,25,28,0.636,14.0,839.323,0.001,59.951643,154.793,46.311442,6.4472003,15.9524765,4
372,867,751540.6993,2559188.0052,752540.6993,2558188.0052,26,28,0.01,,,0.0,,,,-17.066294,-0.21919096,1
373,878,752540.6993,2578188.0052,753540.6993,2577188.0052,7,29,0.181,171.0,14619.452,0.081,85.493871,609.939,89.810292,7.8020606,13.273916,4
374,879,752540.6993,2577188.0052,753540.6993,2576188.0052,8,29,0.872,510.0,94993.185,0.109,186.261147,1671.149,217.158363,10.550438,9.882463,3
375,880,752540.6993,2576188.0052,753540.6993,2575188.0052,9,29,0.999,568.0,220071.193,0.22,387.449283,2986.58,454.736481,11.730252,6.511527,5
376,881,752540.6993,2575188.0052,753540.6993,2574188.0052,10,29,0.999,862.0,327477.043,0.328,379.903762,3901.181,438.107159,11.796575,3.3961596,2
377,882,752540.6993,2574188.0052,753540.6993,2573188.0052,11,29,0.999,929.0,323075.995,0.323,347.767487,6601.642,456.399848,11.983843,3.223553,2
378,883,752540.6993,2573188.0052,753540.6993,2572188.0052,12,29,0.999,699.0,103819.498,0.104,148.525748,2504.723,204.976147,11.0061,10.020754,3
379,884,752540.6993,2572188.0052,753540.6993,2571188.0052,13,29,0.999,674.0,79183.33,0.079,117.482685,2832.165,165.943389,10.966944,10.145476,3
380,885,752540.6993,2571188.0052,753540.6993,2570188.0052,14,29,0.999,392.0,40230.503,0.04,102.628834,870.042,98.029387,9.569566,11.748503,3
381,886,752540.6993,2570188.0052,753540.6993,2569188.0052,15,29,0.999,1269.0,170331.077,0.171,134.224647,2303.46,170.341321,12.584788,5.008948,2
382,887,752540.6993,2569188.0052,753540.6993,2568188.0052,16,29,0.999,299.0,42118.601,0.042,140.864886,976.241,131.484753,9.326956,11.66361,3
383,888,752540.6993,2568188.0052,753540.6993,2567188.0052,17,29,0.999,453.0,104530.306,0.105,230.751227,1827.002,254.23178,10.482248,9.74069,3
384,889,752540.6993,2567188.0052,753540.6993,2566188.0052,18,29,0.999,558.0,162096.235,0.162,290.495045,2308.364,288.549491,11.924191,7.0046053,5
385,890,752540.6993,2566188.0052,753540.6993,2565188.0052,19,29,0.999,923.0,229629.662,0.23,248.786199,3122.483,345.992894,12.316771,4.7613935,2
386,891,752540.6993,2565188.0052,753540.6993,2564188.0052,20,29,0.999,446.0,148856.171,0.149,333.758231,3516.038,491.362278,11.202273,7.321344,5
387,892,752540.6993,2564188.0052,753540.6993,2563188.0052,21,29,0.999,492.0,140927.989,0.141,286.439002,10220.237,599.552116,10.287088,6.4010773,5
388,893,752540.6993,2563188.0052,753540.6993,2562188.0052,22,29,0.999,100.0,31576.821,0.032,315.76821,1701.251,355.265258,6.5174804,9.155133,0
389,894,752540.6993,2562188.0052,753540.6993,2561188.0052,23,29,0.999,67.0,25915.438,0.026,386.797582,2158.606,448.888307,7.2499914,8.015766,0
390,895,752540.6993,2561188.0052,753540.6993,2560188.0052,24,29,0.999,7.0,1168.583,0.001,166.940429,524.626,155.588874,6.1512175,12.635566,4
391,896,752540.6993,2560188.0052,753540.6993,2559188.0052,25,29,0.834,29.0,5815.8,0.007,200.544828,977.757,217.759074,6.178779,10.889254,0
392,897,752540.6993,2559188.0052,753540.6993,2558188.0052,26,29,0.173,1.0,193.179,0.001,193.179,193.179,0.0,6.0545883,13.327271,4
393,909,753540.6993,2577188.0052,754540.6993,2576188.0052,8,30,0.287,9.0,897.893,0.003,99.765889,450.227,130.613452,6.690248,14.328296,4
394,910,753540.6993,2576188.0052,754540.6993,2575188.0052,9,30,0.999,64.0,10348.073,0.01,161.688641,1529.072,261.317646,6.690761,11.120543,0
395,911,753540.6993,2575188.0052,754540.6993,2574188.0052,10,30,0.999,380.0,168967.744,0.169,444.651958,4547.629,524.120625,10.933641,7.2791786,5
396,912,753540.6993,2574188.0052,754540.6993,2573188.0052,11,30,0.999,874.0,255770.583,0.256,292.643688,5087.238,373.966931,11.782229,4.777828,2
397,913,753540.6993,2573188.0052,754540.6993,2572188.0052,12,30,0.999,715.0,100933.313,0.101,141.165473,2608.381,239.802833,11.023521,10.055118,3
398,914,753540.6993,2572188.0052,754540.6993,2571188.0052,13,30,0.999,475.0,106328.679,0.106,223.849851,2437.684,355.836607,10.548034,9.676805,3
399,915,753540.6993,2571188.0052,754540.6993,2570188.0052,14,30,0.999,596.0,212650.344,0.213,356.795879,3801.402,443.984213,11.731746,6.537047,5
400,916,753540.6993,2570188.0052,754540.6993,2569188.0052,15,30,0.999,539.0,155863.224,0.156,289.171102,3801.402,418.295679,11.7149105,7.0170107,5
401,917,753540.6993,2569188.0052,754540.6993,2568188.0052,16,30,0.999,309.0,43322.16,0.043,140.201165,831.413,125.405317,9.364143,11.527459,3
402,918,753540.6993,2568188.0052,754540.6993,2567188.0052,17,30,0.924,279.0,43793.728,0.047,156.966767,1625.415,183.643415,9.379476,11.310573,3
403,919,753540.6993,2567188.0052,754540.6993,2566188.0052,18,30,0.933,674.0,141483.561,0.152,209.916263,2692.713,296.034904,11.065702,9.64764,3
404,920,753540.6993,2566188.0052,754540.6993,2565188.0052,19,30,0.999,324.0,161972.511,0.162,499.915157,5037.344,634.023519,10.8406315,7.271612,5
405,921,753540.6993,2565188.0052,754540.6993,2564188.0052,20,30,0.999,274.0,116924.31,0.117,426.731058,2859.159,417.67755,10.209987,7.6972694,5
406,922,753540.6993,2564188.0052,754540.6993,2563188.0052,21,30,0.999,51.0,23869.391,0.024,468.027275,3872.148,676.975096,7.841108,7.039913,5
407,923,753540.6993,2563188.0052,754540.6993,2562188.0052,22,30,0.999,138.0,48153.934,0.048,348.941551,4710.232,661.659353,8.832131,7.6110907,5
408,924,753540.6993,2562188.0052,754540.6993,2561188.0052,23,30,0.999,183.0,82099.149,0.082,448.62923,4845.521,724.487624,8.273807,7.341322,5
409,925,753540.6993,2561188.0052,754540.6993,2560188.0052,24,30,0.999,258.0,58767.234,0.059,227.779977,1976.501,319.296272,9.423278,10.1958885,3
410,926,753540.6993,2560188.0052,754540.6993,2559188.0052,25,30,0.999,36.0,4716.564,0.005,131.015667,977.757,170.089249,6.6137214,12.81366,4
411,927,753540.6993,2559188.0052,754540.6993,2558188.0052,26,30,0.565,27.0,3273.62,0.006,121.245185,731.425,147.998995,6.6299167,13.005007,4
412,938,754540.6993,2578188.0052,755540.6993,2577188.0052,7,31,0.011,,,0.0,,,,-16.66193,-0.17760114,1
413,939,754540.6993,2577188.0052,755540.6993,2576188.0052,8,31,0.882,,,0.0,,,,-16.745071,0.3264749,1
414,940,754540.6993,2576188.0052,755540.6993,2575188.0052,9,31,0.999,1.0,202.599,0.0,202.599,202.599,0.0,5.9843287,13.273078,4
415,941,754540.6993,2575188.0052,755540.6993,2574188.0052,10,31,0.999,208.0,52893.925,0.053,254.297716,7468.435,621.272845,9.231405,7.6997604,5
416,942,754540.6993,2574188.0052,755540.6993,2573188.0052,11,31,0.999,577.0,218668.974,0.219,378.975692,5087.238,513.051954,11.540013,6.32581,5
417,943,754540.6993,2573188.0052,755540.6993,2572188.0052,12,31,0.999,734.0,255778.264,0.256,348.471749,5087.729,428.518593,11.401723,4.9442024,2
418,944,754540.6993,2572188.0052,755540.6993,2571188.0052,13,31,0.999,693.0,302743.548,0.303,436.859377,2853.28,456.584692,11.693652,3.5844915,2
419,945,754540.6993,2571188.0052,755540.6993,2570188.0052,14,31,0.999,822.0,314670.279,0.315,382.810558,2792.847,408.910393,11.759226,3.485187,2
420,946,754540.6993,2570188.0052,755540.6993,2569188.0052,15,31,0.999,221.0,87991.347,0.088,398.150891,2011.861,462.782246,8.626119,8.0220785,5
421,947,754540.6993,2569188.0052,755540.6993,2568188.0052,16,31,0.977,229.0,56198.859,0.058,245.409865,2290.158,400.445383,9.219911,9.888987,3
422,948,754540.6993,2568188.0052,755540.6993,2567188.0052,17,31,0.225,25.0,9388.101,0.042,375.52404,2663.521,663.638001,7.3761926,7.8385396,0
423,949,754540.6993,2567188.0052,755540.6993,2566188.0052,18,31,0.847,306.0,115363.604,0.136,377.005242,4047.033,510.47382,10.530852,7.647424,5
424,950,754540.6993,2566188.0052,755540.6993,2565188.0052,19,31,0.999,208.0,93952.964,0.094,451.696942,3819.003,751.237193,8.346773,7.4093156,5
425,951,754540.6993,2565188.0052,755540.6993,2564188.0052,20,31,0.999,37.0,15085.463,0.015,407.715216,1598.241,449.97046,7.1470256,8.067422,0
426,952,754540.6993,2564188.0052,755540.6993,2563188.0052,21,31,0.999,118.0,26346.512,0.026,223.275525,1389.92,269.737372,6.630952,10.3689995,0
427,953,754540.6993,2563188.0052,755540.6993,2562188.0052,22,31,0.999,14.0,7942.293,0.008,567.306643,1860.599,558.576454,7.654891,7.154194,5
428,954,754540.6993,2562188.0052,755540.6993,2561188.0052,23,31,0.999,152.0,57538.921,0.058,378.545533,1943.802,439.39039,8.395601,8.130624,5
429,955,754540.6993,2561188.0052,755540.6993,2560188.0052,24,31,0.999,282.0,97764.774,0.098,346.683596,3905.319,506.511116,10.176564,7.919917,5
430,956,754540.6993,2560188.0052,755540.6993,2559188.0052,25,31,0.999,374.0,132750.888,0.133,354.948898,3220.745,439.681706,10.711491,7.6771817,5
431,957,754540.6993,2559188.0052,755540.6993,2558188.0052,26,31,0.848,100.0,30053.355,0.035,300.53355,1905.651,319.211611,6.4652205,9.210989,0
432,958,754540.6993,2558188.0052,755540.6993,2557188.0052,27,31,0.029,,,0.0,,,,-17.16502,0.03644711,1
433,968,755540.6993,2578188.0052,756540.6993,2577188.0052,7,32,0.284,,,0.0,,,,-16.825724,-0.15713471,1
434,969,755540.6993,2577188.0052,756540.6993,2576188.0052,8,32,0.504,552.0,50847.592,0.101,92.115203,927.388,88.222146,10.058445,11.536082,3
435,970,755540.6993,2576188.0052,756540.6993,2575188.0052,9,32,0.999,457.0,35763.952,0.036,78.258101,482.357,63.244964,9.649721,11.7255335,3
436,971,755540.6993,2575188.0052,756540.6993,2574188.0052,10,32,0.999,131.0,73458.623,0.074,560.752847,9556.973,1443.356713,9.037485,5.9549127,5
437,972,755540.6993,2574188.0052,756540.6993,2573188.0052,11,32,0.999,345.0,123518.34,0.124,358.024174,10527.173,706.827346,10.0377655,6.3324747,5
438,973,755540.6993,2573188.0052,756540.6993,2572188.0052,12,32,0.999,151.0,91166.391,0.091,603.750934,10527.173,1295.496575,9.217387,5.8093543,5
439,974,755540.6993,2572188.0052,756540.6993,2571188.0052,13,32,0.999,545.0,97213.814,0.097,178.373971,3486.95,283.47158,10.595013,9.833128,3
440,975,755540.6993,2571188.0052,756540.6993,2570188.0052,14,32,0.999,295.0,87632.5,0.088,297.059322,2864.39,408.429651,9.426719,8.769139,3
441,976,755540.6993,2570188.0052,756540.6993,2569188.0052,15,32,0.913,384.0,101792.665,0.111,265.085065,3452.175,361.141039,10.27918,9.23563,3
442,977,755540.6993,2569188.0052,756540.6993,2568188.0052,16,32,0.119,34.0,10119.041,0.085,297.618853,1929.875,390.187631,6.5437593,9.116612,0
443,978,755540.6993,2568188.0052,756540.6993,2567188.0052,17,32,0.186,,,0.0,,,,-17.058067,-0.16735333,1
444,979,755540.6993,2567188.0052,756540.6993,2566188.0052,18,32,0.969,66.0,36103.988,0.037,547.030121,1121.639,383.762527,7.634922,7.225656,5
445,980,755540.6993,2566188.0052,756540.6993,2565188.0052,19,32,0.999,539.0,67615.48,0.068,125.44616,1772.693,153.447128,10.0257845,11.502844,3
446,981,755540.6993,2565188.0052,756540.6993,2564188.0052,20,32,0.999,198.0,159712.998,0.16,806.631303,4309.126,866.216297,8.689192,6.179407,5
447,982,755540.6993,2564188.0052,756540.6993,2563188.0052,21,32,0.999,53.0,47830.289,0.048,902.458283,4309.126,947.756891,8.578446,6.108953,5
448,983,755540.6993,2563188.0052,756540.6993,2562188.0052,22,32,0.999,91.0,20916.354,0.021,229.850044,2779.077,418.053056,6.966309,10.029291,0
449,984,755540.6993,2562188.0052,756540.6993,2561188.0052,23,32,0.999,183.0,59957.887,0.06,327.638727,2746.871,467.574794,8.74906,8.257197,5
450,985,755540.6993,2561188.0052,756540.6993,2560188.0052,24,32,0.999,74.0,22150.552,0.022,299.331784,2498.284,497.258975,6.77626,8.692024,0
451,986,755540.6993,2560188.0052,756540.6993,2559188.0052,25,32,0.999,112.0,30469.292,0.03,272.04725,2034.014,367.825223,6.529631,9.281863,0
452,987,755540.6993,2559188.0052,756540.6993,2558188.0052,26,32,0.751,317.0,66830.33,0.089,210.82123,2273.552,289.994478,9.711524,10.278406,3
453,988,755540.6993,2558188.0052,756540.6993,2557188.0052,27,32,0.006,3.0,2024.569,0.337,674.856333,1425.061,530.479253,8.456617,7.0912256,5
454,999,756540.6993,2577188.0052,757540.6993,2576188.0052,8,33,0.001,4.0,291.432,0.291,72.858,195.996,71.605485,7.769518,13.329832,4
455,1000,756540.6993,2576188.0052,757540.6993,2575188.0052,9,33,0.913,299.0,77077.55,0.084,257.784448,5027.01,561.458534,9.5259905,8.144402,5
456,1001,756540.6993,2575188.0052,757540.6993,2574188.0052,10,33,0.999,65.0,19393.225,0.019,298.357308,7916.532,960.07196,9.129548,7.2282753,5
457,1002,756540.6993,2574188.0052,757540.6993,2573188.0052,11,33,0.999,197.0,33965.719,0.034,172.414817,7916.532,573.516082,9.311004,7.7908998,5
458,1003,756540.6993,2573188.0052,757540.6993,2572188.0052,12,33,0.999,75.0,12824.317,0.013,170.990893,736.181,139.589974,6.4186344,12.403028,4
459,1004,756540.6993,2572188.0052,757540.6993,2571188.0052,13,33,0.999,260.0,33105.727,0.033,127.329719,1137.159,135.075963,9.145537,11.859288,3
460,1005,756540.6993,2571188.0052,757540.6993,2570188.0052,14,33,0.999,44.0,7196.915,0.007,163.56625,699.597,172.398147,6.297742,12.428163,4
461,1006,756540.6993,2570188.0052,757540.6993,2569188.0052,15,33,0.367,10.0,11140.585,0.03,1114.0585,3452.175,1347.634832,8.689666,5.936078,5
462,1009,756540.6993,2567188.0052,757540.6993,2566188.0052,18,33,0.22,2.0,20.868,0.0,10.434,16.997,6.563,-16.7276,0.05017244,1
463,1010,756540.6993,2566188.0052,757540.6993,2565188.0052,19,33,0.923,41.0,25011.7,0.027,610.041463,5111.711,1210.85041,8.407812,6.3168683,5
464,1011,756540.6993,2565188.0052,757540.6993,2564188.0052,20,33,0.999,26.0,7642.799,0.008,293.953808,1347.761,405.262869,6.2323427,9.6402025,0
465,1012,756540.6993,2564188.0052,757540.6993,2563188.0052,21,33,0.999,154.0,23742.572,0.024,154.172545,2713.876,250.027895,7.175314,10.674,0
466,1013,756540.6993,2563188.0052,757540.6993,2562188.0052,22,33,0.999,91.0,32316.453,0.032,355.125857,1708.318,341.160814,6.649117,8.967269,0
467,1014,756540.6993,2562188.0052,757540.6993,2561188.0052,23,33,0.999,111.0,70231.991,0.07,632.72064,2988.94,631.545376,8.121219,6.9139323,5
468,1015,756540.6993,2561188.0052,757540.6993,2560188.0052,24,33,0.999,94.0,18880.895,0.019,200.860585,1838.289,295.253005,6.7470675,10.49797,0
469,1016,756540.6993,2560188.0052,757540.6993,2559188.0052,25,33,0.999,185.0,31625.445,0.032,170.948351,3559.187,363.761933,7.3557205,10.311234,0
470,1017,756540.6993,2559188.0052,757540.6993,2558188.0052,26,33,0.732,62.0,18097.505,0.025,291.895242,2577.265,449.125781,6.7404923,8.798722,0
471,1018,756540.6993,2558188.0052,757540.6993,2557188.0052,27,33,0.068,2.0,274.399,0.004,137.1995,236.058,98.8585,6.2271295,13.540599,4
472,1030,757540.6993,2576188.0052,758540.6993,2575188.0052,9,34,0.475,129.0,21704.484,0.046,168.251814,2681.871,320.06578,7.233728,10.41947,0
473,1031,757540.6993,2575188.0052,758540.6993,2574188.0052,10,34,0.138,,,0.0,,,,-16.500498,-0.2159994,1
474,1032,757540.6993,2574188.0052,758540.6993,2573188.0052,11,34,0.197,55.0,5819.979,0.03,105.8178,435.404,80.37824,7.490831,13.867671,4
475,1033,757540.6993,2573188.0052,758540.6993,2572188.0052,12,34,0.562,59.0,24751.398,0.044,419.51522,2537.511,513.760574,7.4861083,7.7756763,0
476,1034,757540.6993,2572188.0052,758540.6993,2571188.0052,13,34,0.972,328.0,41472.263,0.043,126.439826,3047.367,197.085904,9.594079,11.2360935,3
477,1035,757540.6993,2571188.0052,758540.6993,2570188.0052,14,34,0.715,51.0,28955.652,0.04,567.757882,3608.759,904.473392,8.029431,6.6692677,5
478,1036,757540.6993,2570188.0052,758540.6993,2569188.0052,15,34,0.032,,,0.0,,,,-16.567616,0.09095464,1
479,1040,757540.6993,2566188.0052,758540.6993,2565188.0052,19,34,0.017,1.0,338.927,0.02,338.927,338.927,0.0,5.9444904,10.277338,0
480,1041,757540.6993,2565188.0052,758540.6993,2564188.0052,20,34,0.12,1.0,69.364,0.001,69.364,69.364,0.0,6.443135,15.989676,4
481,1042,757540.6993,2564188.0052,758540.6993,2563188.0052,21,34,0.472,9.0,2214.19,0.005,246.021111,741.758,236.540372,6.079654,10.475619,0
482,1043,757540.6993,2563188.0052,758540.6993,2562188.0052,22,34,0.815,8.0,935.396,0.001,116.9245,312.119,107.543574,6.3948965,13.811275,4
483,1044,757540.6993,2562188.0052,758540.6993,2561188.0052,23,34,0.999,17.0,2028.462,0.002,119.321294,287.182,74.09933,6.2240458,13.838628,4
484,1045,757540.6993,2561188.0052,758540.6993,2560188.0052,24,34,0.999,43.0,10638.206,0.011,247.40014,1738.581,430.391263,6.3579264,9.750854,0
485,1046,757540.6993,2560188.0052,758540.6993,2559188.0052,25,34,0.919,124.0,18516.814,0.02,149.329145,1591.241,222.035969,6.985629,11.515518,0
486,1047,757540.6993,2559188.0052,758540.6993,2558188.0052,26,34,0.421,2.0,60.773,0.0,30.3865,38.663,8.2765,6.229531,16.582535,4
487,1063,758540.6993,2573188.0052,759540.6993,2572188.0052,12,35,0.01,,,0.0,,,,-17.037243,0.19581284,1
488,1064,758540.6993,2572188.0052,759540.6993,2571188.0052,13,35,0.091,2.0,236.766,0.003,118.383,156.172,37.789,6.0863304,13.762766,4
489,1073,758540.6993,2563188.0052,759540.6993,2562188.0052,22,35,0.062,,,0.0,,,,-16.748919,-0.34762642,1
490,1074,758540.6993,2562188.0052,759540.6993,2561188.0052,23,35,0.552,97.0,8372.532,0.015,86.314763,400.478,69.88594,7.473302,14.02206,4
491,1075,758540.6993,2561188.0052,759540.6993,2560188.0052,24,35,0.209,93.0,13876.072,0.066,149.205075,1465.255,198.189319,7.1432486,11.750118,0
492,1076,758540.6993,2560188.0052,759540.6993,2559188.0052,25,35,0.073,,,0.0,,,,-17.009941,0.3396711,1
493,1077,758540.6993,2559188.0052,759540.6993,2558188.0052,26,35,0.32,,,0.0,,,,-17.352217,-0.16117889,1
494,1106,759540.6993,2560188.0052,760540.6993,2559188.0052,25,36,0.009,,,0.0,,,,-16.433496,-0.23187445,1
495,1107,759540.6993,2559188.0052,760540.6993,2558188.0052,26,36,0.026,,,0.0,,,,-16.876282,0.18408707,1
